Fold,AUC,Accuracy,Precision,Recall,F1-Score,Specificity,MCC
1,0.9986604720423397,0.9849589790337283,0.99812734082397,0.9717411121239745,0.984757505773672,0.9981768459434822,0.9702570484308113
2,0.9867609432869456,0.9740200546946217,0.9914933837429112,0.9562443026435734,0.9735498839907192,0.99179580674567,0.9486397963353876
3,0.9930306321458457,0.9813126709206929,0.9817518248175182,0.9808568824065633,0.9813041495668035,0.9817684594348223,0.9626257417993141
4,0.9490904588548033,0.9393801276207839,0.9564393939393939,0.9206927985414768,0.9382257315373896,0.9580674567000912,0.8793746537442164
5,0.9938399995346554,0.9808568824065633,0.985280588776449,0.9762989972652689,0.9807692307692308,0.9854147675478578,0.9617537251967454
